,0
0,-0.669225
1,-4.1682196
2,-1.7856159
3,0.81501985
4,-2.4509556
5,-2.6862168
6,-2.354889
7,-3.4287822
8,-4.0291204
9,-3.6888757
10,-3.357671
11,-4.0043783
12,-3.404813
13,-0.35468364
14,-3.6882565
15,-3.7510588
16,-3.341911
17,-3.0246837
18,-0.75846714
19,-4.195521
20,-1.9357278
21,-0.68395334
22,-2.543991
23,0.6301978
24,-1.0352781
25,-2.0877712
26,0.8252303
27,-4.02962
28,-1.9916098
29,-2.517131
30,-2.2659338
31,-2.194054
32,-0.8747713
33,-3.1530597
34,-2.1169975
35,-1.2703482
36,1.7875834
37,-3.0829723
38,1.0316333
39,-1.0645746
40,-0.06895039
41,-1.6827526
42,-1.9343393
43,-1.3672999
44,-0.6748254
45,-3.8498967
46,1.4764335
47,-1.5219123
48,-4.448511
49,-2.3160641
50,1.1611089
51,-4.3371553
52,-3.349651
53,-3.8341959
54,-1.6342938
55,-2.518728
56,-3.9565296
57,-3.6356757
58,-2.765752
59,-1.0815206
60,-0.7891271
61,-3.894074
62,-2.5255735
63,-3.6580095
64,-4.0908833
65,-1.6216569
66,-1.9606856
67,1.20468
68,0.2536604
69,-0.87902147
70,-1.0631557
71,0.10142216
72,2.3774216
73,-3.7074125
74,-2.0610516
75,-1.6258203
76,-1.4182203
77,-4.3404856
78,-3.121977
79,-0.4978253
80,-1.7161326
81,-1.2906327
82,0.6147123
83,-2.492486
84,-4.3425922
85,-3.708784
86,-3.714359
87,-2.430628
88,-2.2053275
89,2.967818
90,-0.72505164
91,-1.7775431
92,-3.8378026
93,-2.4266503
94,-1.2739375
95,-4.127573
96,-1.874906
97,-4.1699295
98,-4.0067215
99,0.391806
100,-4.069703
101,0.15377279
102,-2.0526383
103,-1.2189763
104,-3.9334245
105,-1.7480752
106,-3.7160742
107,-0.65111756
108,-2.5256002
109,-3.5094852
110,0.5937554
111,-0.61524916
112,-1.8944203
113,-0.62702334
114,2.1759703
115,-2.631838
116,-3.8641665
117,-0.7931169
118,-3.9542482
119,-3.86834
120,1.9417827
121,0.4766404
122,-3.9099777
123,-3.2482696
124,-0.27860785
125,-1.0677191
126,-1.1674885
127,0.72565675
128,-1.5054353
129,-3.3749325
130,-3.5779798
131,-4.039572
132,-3.4605067
133,-0.63653874
134,-0.8711551
135,-3.8666303
136,-0.16993958
137,1.1695266
138,2.600012
139,-4.02424
140,-3.526941
141,-4.02403
142,-3.980675
143,-1.1437008
144,-3.8398235
145,0.53952473
146,-3.1755717
147,-4.0525923
148,-2.8738358
149,-0.7254765
150,-0.15896682
151,-2.3864372
152,-3.805566
153,-3.925687
154,0.36528212
155,-3.6640038
156,-1.1986737
157,-0.74529606
158,-1.0266918
159,-0.3302968
160,-1.933635
161,-4.105423
162,1.1079543
163,-3.8703787
164,-2.403875
165,-4.0723867
166,-0.5871868
167,-3.9178963
168,-2.981151
169,-3.9159708
170,-4.1607084
171,-0.16312739
172,-1.26999
173,-0.9785651
174,0.29297012
175,-3.3377216
176,-1.07389
177,-3.169307
178,-2.6352656
179,-3.9339294
180,-3.4119437
181,-4.2075005
182,-3.0377367
183,-3.1982746
184,-0.017945716
185,-0.34605482
186,-3.9497838
187,-3.8786664
188,0.31538248
189,-1.2633812
190,0.60063523
191,-1.1953216
192,-4.2181425
193,-0.7823214
194,-3.9943182
195,-1.5671113
196,-0.8925022
197,0.9064749
198,0.21748184
199,-3.2859643
200,-0.8739321
201,-3.9356315
202,1.4626664
203,1.4978828
204,0.76638865
205,-3.52737
206,-4.0599966
207,0.00068173785
208,0.29196757
209,-1.8284712
210,1.9854882
211,-2.1841383
212,2.0416603
213,-3.82844
214,-3.4584248
215,-2.8546252
216,0.76807076
217,0.36681756
218,-4.1143637
219,-3.2817237
220,-2.8571765
221,-0.5974247
222,-4.1095634
223,-1.6715672
224,-1.5565155
225,-4.1948557
226,-4.145172
227,-3.8237193
228,-1.5891966
229,-1.0390171
230,-3.97921
231,-3.7118757
232,-0.32092845
233,-3.3710968
234,-3.4293766
235,-3.8069277
236,-2.0479717
237,-3.989188
238,-4.0814047
239,1.547725
240,-1.0685072
241,1.7875834
242,-0.9489825
243,-1.003619
244,-3.5834143
245,-3.7947571
246,0.011535624
247,-3.753049
248,-3.8927035
249,-3.6708295
250,-0.51073766
251,-1.013689
252,-4.0432205
253,-1.562866
254,0.5369161
255,-1.1957865
256,-4.1199713
257,-1.4506605
258,0.4979043
259,-0.7502706
260,1.806189
261,-0.96143484
262,-1.8108222
263,-2.053078
264,-0.695599
265,-4.063193
266,-3.1845243
267,-3.8543
268,0.19085637
269,-0.6590019
270,-1.4099367
271,-0.59549254
272,1.1283032
273,-4.0072694
274,-1.6163087
275,-0.7501207
276,-0.5856626
277,0.06273566
278,1.1005651
279,-2.675123
280,-1.7107205
281,0.3054611
282,-2.718369
283,-1.8407456
284,-4.5476604
285,-3.289326
286,-3.9201133
287,-1.0905426
288,1.6041557
289,-3.3720953
290,-3.9324949
291,-4.212885
292,-3.5066304
293,-1.5709465
294,1.1276695
295,2.023337
296,-3.6864514
297,-2.4359019
298,-0.2678535
299,-0.0469638
300,-1.6523321
301,0.9291971
302,-4.176023
303,-1.3074069
304,-4.3319054
305,-3.8566864
306,0.719353
307,-4.13594
308,-4.2889557
309,-2.1539977
310,-1.5501649
311,-3.405463
312,-2.4231317
313,-3.063328
314,-1.6360399
315,-3.8786864
316,1.5416099
317,-3.266721
318,-3.3366458
319,-1.166218
320,-2.9794278
321,-4.302913
322,-3.8724315
323,0.26543534
324,-2.4422092
325,-3.4011118
326,-2.2433286
327,-0.72912633
328,1.1852293
329,-2.9645884
330,-4.303297
331,-0.8751812
332,-4.1040115
333,-2.3476985
334,-1.4300498
335,-1.1925101
336,-1.4337666
337,-3.729205
338,-2.7300713
339,-3.8971732
340,-0.83365375
341,-4.751806
342,-0.73795855
343,-3.0363123
344,-2.8811235
345,-4.0002303
346,-0.6855346
347,-1.6294746
348,-4.993697
349,0.24992923
350,-2.709884
351,-4.404151
352,1.3416512
353,0.35153225
354,-1.0239679
355,-3.944064
356,-3.9699888
357,-3.6451135
358,-4.353736
359,-3.8240855
360,-3.2128026
361,-3.35128
362,-2.3225486
363,-0.44051856
364,0.37154937
365,-3.5455072
366,-2.8586557
367,-1.9216729
368,-2.16687
369,-1.8027987
370,-3.6833446
371,-2.8924205
372,-1.0167484
373,-4.4245696
374,1.8370676
375,-2.3009298
376,-3.8937392
377,-3.66859
378,-3.326239
379,-0.33492523
380,-3.7539651
381,-3.8120792
382,-4.0172806
383,-0.7111561
384,-1.6027774
385,-4.0917597
386,-3.7553897
387,1.6602346
388,-3.9774883
389,-1.413657
390,-3.7518137
391,3.7315733
392,1.6602346
393,0.686055
394,-1.861793
395,-3.8612583
396,-0.022621652
397,0.40280592
398,-1.1335106
399,-3.8382003
400,-4.240161
401,-3.100946
402,1.810775
403,-1.0847615
404,-2.1861193
405,-2.2079773
406,1.3416512
407,2.8856304
408,-3.7510183
409,-3.5093
410,-1.7617675
411,-3.8607514
412,-3.7972047
413,-3.7094748
414,-0.1657945
415,0.34804285
416,-1.6565104
417,-3.4098122
418,0.0013286568
419,-3.9759762
420,-0.35976976
421,-1.677747
422,-0.9457731
423,0.7906333
424,-0.7583786
425,-0.5077522
426,-1.5674578
427,-4.050885
428,0.55082583
429,-2.8855865
430,-2.2174802
431,1.7089926
432,0.9344033
433,-4.043231
434,-3.8135312
435,-2.3849566
436,-2.2311027
437,-3.1373072
438,-0.76201695
439,-3.5058143
440,0.88208807
441,-1.1668878
442,-0.0762356
443,-3.7993555
444,-0.0762356
445,-1.1391332
446,-4.1659575
447,-3.3453
448,0.6412585
449,1.5311626
450,-1.643389
451,-2.6818216
452,-4.397566
453,-2.4255588
454,-2.404145
455,-1.3901327
456,-0.06895039
457,-3.997874
458,-2.1058657
459,-0.96612614
460,-3.789269
461,-3.9067822
462,-4.501335
463,-4.2561965
464,-4.350051
465,-3.9876897
466,-1.6384387
467,1.6487929
468,-0.67559445
469,-3.829201
470,-2.719405
471,3.376272
472,-4.2611713
473,-2.6739151
474,-3.8756416
475,-1.6268593
476,-0.44531587
477,-2.760715
478,-3.9885051
479,0.80971485
480,1.5768809
481,-0.83599895
482,-3.7221327
483,-3.8997366
484,-3.6355674
485,0.32929724
486,-3.6871655
487,-4.123419
488,1.1574576
489,-1.96532
490,-4.1779423
491,-4.036236
492,-4.1326346
493,-3.8915193
494,-1.3688687
495,-1.2747421
496,-1.0925171
497,-3.3522449
498,-3.833389
499,-3.238497
500,-0.913059
501,-3.798512
502,-1.3492041
503,-3.2992375
504,-3.4676743
505,-4.10571
506,-2.5862496
507,1.005357
508,-1.2479028
509,-4.1356506
510,-0.14218494
511,-2.3615263
512,-0.036502596
513,-1.497266
514,-4.3120055
515,-2.6736414
516,0.78364444
517,-4.157546
518,-3.9473565
519,-4.1910334
520,-0.025613634
521,-4.1053863
522,-2.1244562
523,-0.9583059
524,2.3227828
525,-4.0354404
526,-3.8238974
527,-1.6754087
528,-0.7199817
529,-0.62558323
530,-2.0054996
531,2.372087
532,-2.2644815
533,1.6269644
534,-4.265594
535,-2.0744247
536,-3.919276
537,-3.6123092
538,-0.6173176
539,-4.038121
540,-3.1999052
541,-0.7891892
542,-0.76239043
543,-0.8021761
544,-2.0462987
545,-3.8961723
546,-3.0267477
547,-0.7132152
548,-2.704199
549,-4.2757816
550,-1.4848219
551,-3.2678955
552,-1.1674885
553,0.3500486
554,-3.955735
555,-4.265012
556,-2.8137426
557,-1.039161
558,-4.0621862
559,-2.7642372
560,-1.3843412
561,-0.54512364
562,-2.4703505
563,-3.7615476
564,-1.1517469
565,-2.2441573
566,0.35784972
567,-3.9804032
568,-1.5128429
569,-4.1237283
570,-1.0797353
571,-4.0685387
572,-3.6889863
573,0.60063523
574,-0.7348043
575,-0.726815
576,-3.6219068
577,-3.3090322
578,-3.6185205
579,-1.2373602
580,-0.37249008
581,-0.49065962
582,-2.6385078
583,-1.3843079
584,-3.0634696
585,-4.2631407
586,-3.8615506
587,-2.8807914
588,-2.990679
589,-2.3794568
590,1.0147724
591,-3.9825904
592,-1.8120478
593,-3.7778633
594,-4.33427
595,-4.0910864
596,1.8440942
597,-2.6276991
598,-0.22651479
599,-4.112611
600,1.2833204
601,1.6269644
602,-3.9308422
603,-4.2656775
604,-1.0969768
605,-3.9699905
606,-2.5416257
607,-1.2389307
608,-3.8082342
609,-2.84955
610,-2.5447118
611,0.74627537
612,-1.0957799
613,-3.7242696
614,-1.161293
615,-3.6517353
616,-3.9057317
617,-1.188052
618,-0.23499326
619,0.8222208
620,-3.159078
621,-0.81988186
622,-1.2265683
623,-1.6364863
624,-0.12230502
625,-0.6277052
626,0.4671213
627,-4.208066
628,-4.2369804
629,-2.7954576
630,-2.6415205
631,-0.6992512
632,0.68630975
633,-3.0198572
634,-0.7885015
635,-1.3086199
636,0.6683466
637,-1.5870584
638,-0.17485853
639,-1.0797179
640,-3.663427
641,-0.48727328
642,-4.007215
643,-3.98057
644,-2.3302464
645,-1.0554345
646,-0.6658237
647,-1.9602078
648,-0.3688543
649,-0.1265268
650,-1.5558405
651,-3.6066687
652,-3.5433786
653,-0.27443853
654,-2.1383822
655,-4.210332
656,-1.3606378
657,-1.1173022
658,-4.3282347
659,-2.059971
660,-2.8204277
661,-4.3544655
662,-0.0936792
663,-1.1198946
664,-1.508836
665,-4.1394196
666,2.5027966
667,-3.5792007
668,-2.4095948
669,-3.3047721
670,-3.0146883
671,-0.769555
672,1.7164423
673,-3.9573746
674,-2.7243578
675,-0.91364384
676,-1.5300138
677,-4.313032
678,-3.791991
679,-3.9549654
680,1.0265694
681,1.1447357
682,-0.3927427
683,-1.0779717
684,-4.4166007
685,-2.76671
686,-1.154127
687,-3.765749
688,-0.89357996
689,-0.8480623
690,-2.281753
691,-1.4099367
692,-2.8001838
693,-3.477133
694,-3.6169987
695,-4.200681
696,-0.11256572
697,-1.0469226
698,1.1145036
699,-3.9412944
700,1.1077
701,-3.9255493
702,-1.3510224
703,-1.5392625
704,-2.5349958
705,-2.5515835
706,-3.4269068
707,2.3125045
708,-1.2263656
709,-2.4754121
710,2.4029334
711,2.1194108
712,-3.387526
713,0.6107667
714,-1.3204494
715,-3.7984977
716,-3.6897182
717,-2.373124
718,-4.0441537
719,-3.9168298
720,-4.026842
721,-3.6524553
722,-3.6621664
723,1.1276695
724,-3.615032
725,-4.01542
726,-2.090519
727,-2.4811432
728,-3.4172032
729,-2.5536263
730,1.0101185
731,2.4709423
732,-4.022519
733,-1.5043194
734,-3.5844858
735,0.48807073
736,-3.7740638
737,-2.6557
738,-4.2972193
739,-3.8855798
740,0.37073255
741,-2.5486825
742,-0.26075757
743,-1.5891299
744,-1.3510224
745,0.6452731
746,-0.77320015
747,-1.6887989
748,-3.493837
749,-3.64065
750,0.9901256
751,-3.9166725
752,-3.9317482
753,-0.90884304
754,-3.7217803
755,-3.462396
756,-4.344078
757,-1.7836901
758,-1.4775153
759,-1.6292374
760,-3.3249576
761,-4.5918374
762,0.9009859
763,-3.847024
764,1.3541143
765,-3.3990057
766,1.6507798
767,-3.8279157
768,4.4515886
769,-2.1686783
770,-0.32619548
771,-0.35392934
772,-0.98939776
773,-2.4976337
774,-2.866347
775,-0.19139239
776,-1.7698982
777,-0.68270934
778,0.64175475
779,-2.1588137
780,-1.5592544
781,-2.6447809
782,-3.81398
783,-4.157813
784,-1.1939975
785,-3.0667968
786,-3.8029816
787,-3.5311031
788,-1.2364836
789,-2.5584776
790,-4.0047507
791,-3.5140584
792,-2.590047
793,-3.3027925
794,-1.5976107
795,-2.539109
796,0.3812123
797,-2.9438593
798,-0.772379
799,0.6040335
800,-3.9458194
801,-3.809797
802,-3.6815274
803,-3.3024118
804,-1.1042438
805,-3.9144137
806,-3.16939
807,-3.9578972
808,-0.28629425
809,-2.4011798
810,-1.5956659
811,-3.888284
812,-1.1661834
813,-4.034333
814,-0.45576125
815,-4.33995
816,-2.933244
817,-1.601548
818,-2.2348678
819,-1.2832552
820,2.6216836
821,-0.36265492
822,1.4000366
823,-3.577572
824,-3.402596
825,-3.8135908
826,-3.8557296
827,-2.7126188
828,1.2216911
829,-3.576085
830,1.5241481
831,0.9684266
832,-2.125996
833,-2.3205442
834,-0.4508608
835,-3.5728114
836,-2.7498014
837,-0.25508636
838,0.8873013
839,-3.6364465
840,-4.376893
841,-0.059472766
842,-3.4871292
843,-1.8363748
844,-3.1324184
845,0.56252605
846,1.8567367
847,-1.0307847
848,-1.1593816
849,0.8284293
850,-1.0058521
851,-0.37249008
852,-0.8008586
853,-2.7734234
854,0.3036071
855,0.5185584
856,-1.6351807
857,-3.659384
858,0.3736438
859,-4.021414
860,-3.0471032
861,0.37662613
862,-3.88014
863,-0.053698566
864,-2.2888577
865,-2.399682
866,-4.033088
867,-4.08267
868,-3.445004
869,-4.261191
870,-3.29158
871,3.4595141
872,-2.6255033
873,-1.7891102
874,-0.5373215
875,-3.7695675
876,-0.13667147
877,-0.78027886
878,-3.5718803
879,-2.9827065
880,0.0184849
881,-4.066796
882,-1.9336779
883,-4.1341286
884,-3.8276103
885,1.4934797
886,-4.052028
887,-0.23717919
888,-3.0319278
889,-4.252307
890,-1.3246562
891,-1.3764775
892,-2.8125043
893,-3.8689995
894,-4.313223
895,-1.772913
896,-2.7176716
897,-0.57558537
898,-4.01384
899,-3.9237163
900,-4.245167
901,-4.094377
902,-3.1387212
903,-0.5873584
904,-4.129463
905,-4.249271
906,0.92484903
907,-2.5747278
908,-3.301694
909,-3.6693842
910,1.830617
911,-4.1450233
912,-2.7681315
913,-3.5110705
914,-0.26949513
915,-0.52233875
916,-3.2161372
917,0.036697768
918,-2.0655434
919,0.56570286
920,0.9193001
921,-2.9268398
922,-4.1973963
923,-3.0506098
924,-3.1857555
925,-4.220938
926,-0.1372268
927,-4.3346825
928,0.7576065
929,-3.3653934
930,-4.058921
931,-0.6676772
932,-0.23342355
933,-4.1622987
934,-3.1637776
935,-1.0645746
936,-3.1277277
937,-3.643634
938,0.17354184
939,-3.847867
940,-2.052662
941,-3.9765062
942,-3.5124917
943,-3.8440988
944,-2.7255933
945,-4.1978855
946,-0.9073828
947,-2.88416
948,-0.72505164
949,-4.0001497
950,-4.110457
951,-3.2333796
952,-0.72584206
953,-3.1101224
954,-3.7579534
955,-2.8229887
956,-4.1162796
957,-4.0761576
958,-4.1086097
959,-3.490229
960,-0.83544135
961,-3.3365848
962,-4.061735
963,-3.8672407
964,-3.4747567
965,1.0117477
966,-4.111573
967,-1.7806321
968,-2.1733491
969,-1.2535105
970,-2.8013031
971,0.36234826
972,-1.113275
973,-3.997164
974,-2.5563204
975,-2.0531733
976,-2.8081176
977,-3.5663643
978,-3.900613
979,-3.3012848
980,-4.060842
981,-0.7897489
982,-0.3015028
983,-4.049724
984,-2.639925
985,-2.1196244
986,-1.11832
987,-0.5178783
988,-0.8956269
989,0.12885042
990,-2.154761
991,1.0812808
992,-2.3782902
993,-0.84292483
994,-3.2929838
995,-1.046671
996,-3.0349877
997,-3.6154425
998,-3.4169347
999,1.8460314
1000,-2.6875246
1001,-2.7382662
1002,0.081660025
1003,-3.8257146
1004,-3.996414
1005,-2.9604394
1006,-4.1473055
1007,0.022491919
1008,-3.8178937
1009,1.1852293
1010,-2.2138555
1011,0.1538663
1012,-3.391965
1013,-1.4060283
1014,-4.090432
1015,2.023337
1016,-0.36440235
1017,-3.6336267
1018,-4.432185
1019,-0.78524107
1020,-3.8695176
1021,-0.32907724
1022,-2.1510475
1023,-4.3759856
1024,-0.44909203
1025,-2.5878556
1026,-3.7515705
1027,-1.0435326
1028,-3.54515
1029,-1.728504
1030,-4.1025443
1031,2.3206556
1032,-1.6697265
1033,-4.4893737
1034,-3.3037455
1035,-2.9655788
1036,-1.0800611
1037,-2.0300522
1038,-0.9313515
1039,-4.0943384
1040,-0.4618771
1041,-3.8094666
1042,-2.171693
1043,-3.251606
1044,-0.3688543
1045,-0.8664043
1046,-1.1517469
1047,-3.9055226
1048,-2.616481
1049,-4.2106385
1050,-2.2051384
1051,-1.1162647
1052,-0.7615677
1053,-3.2451255
1054,-2.5385528
1055,1.198532
1056,-0.7978729
1057,-4.555912
1058,-3.7313168
1059,-0.6531935
1060,-1.3266385
1061,0.3493647
1062,-2.7624667
1063,-4.045288
1064,-4.116971
1065,-3.1392374
1066,-3.6804395
1067,-1.0371345
1068,0.25038108
1069,-1.6182928
1070,-0.38966182
1071,-1.1811388
1072,2.0816724
1073,-2.1290786
1074,-1.0816429
1075,-2.3216941
1076,-1.7414014
1077,0.9837997
1078,-4.2975626
1079,-3.4208884
1080,2.4094877
1081,-4.0870333
1082,-4.2599454
1083,-3.0222301
1084,-3.9968789
1085,-3.2031326
1086,-1.8357784
1087,-2.3086483
1088,-1.3775191
1089,-3.80876
1090,-3.4308572
1091,-3.5644147
1092,-1.1515346
1093,-3.7930486
1094,-4.1076536
1095,-0.92071366
1096,1.2501818
1097,-3.8959675
1098,-3.8592808
1099,-4.328876
1100,-1.7438116
1101,-3.646565
1102,-4.2671404
1103,-4.179923
1104,-1.6291792
1105,-2.5452635
1106,-2.811903
1107,0.11113701
1108,-3.7202384
1109,-2.0775173
1110,0.16584475
1111,-3.8625255
1112,-3.849569
1113,0.2774675
1114,-4.0374885
1115,-3.0561955
1116,-4.430456
1117,-0.5000162
1118,-2.3319776
1119,-4.3180866
1120,-0.7745523
1121,-2.9667099
1122,-2.0127234
1123,-4.090867
1124,-0.9326108
1125,0.096462026
1126,-4.295803
1127,-4.183211
1128,-5.03436
1129,-3.9858303
1130,-3.989529
1131,-4.309783
1132,0.5993873
1133,-1.3738592
1134,-2.418429
1135,1.2146044
1136,-3.5503914
1137,-4.033317
1138,-1.7052591
1139,-3.9398057
1140,-3.210586
1141,-3.945682
1142,-3.6968644
1143,-1.0954926
1144,-1.3226528
1145,-0.57873625
1146,-1.8778255
1147,-1.7322551
1148,-3.9659438
1149,-4.29364
1150,-1.9393648
1151,-2.6941965
1152,-2.0585105
1153,-3.4473476
1154,-4.1018
1155,-4.4083505
1156,-1.216574
1157,-4.1321707
1158,-3.6082916
1159,-0.81407297
1160,-3.96846
1161,-1.9720175
1162,-2.5345135
1163,-3.8220177
1164,2.169625
1165,-4.1111794
1166,-4.602913
1167,-2.781164
1168,-0.84050995
1169,-2.364101
1170,-4.5724726
1171,-3.9352424
1172,0.05817449
1173,-3.6200662
1174,-3.2467048
1175,0.67725825
1176,-4.2478447
1177,-1.4034001
1178,-3.977386
1179,0.13168114
1180,-2.2688782
1181,-1.8607249
1182,-1.3142859
1183,-1.4613307
1184,-4.037614
1185,-2.2877944
1186,-2.9267192
1187,-3.4364312
1188,-0.9601484
1189,-1.3996203
1190,0.4753692
1191,-2.7862027
1192,-4.8224015
1193,-2.612355
1194,1.0908345
1195,-1.990341
1196,-0.58282554
1197,0.43046308
1198,-2.0526383
1199,-3.9272833
1200,-4.817614
1201,-4.1256647
1202,-2.8922942
1203,-3.8260846
1204,-3.9512343
1205,-3.4733422
1206,-1.0536397
1207,-0.8923593
1208,1.6041197
1209,-2.859961
1210,-3.597683
1211,-0.72098756
1212,-3.663858
1213,-1.3391147
1214,-4.2161064
1215,-0.8713263
1216,-4.1620193
1217,-0.4459923
1218,-1.4299346
1219,-3.606205
1220,-4.1899824
1221,-1.645653
1222,-3.3100917
1223,2.1405041
1224,-1.5064242
1225,-2.2755144
1226,-1.3901861
1227,-1.9405469
1228,-2.436374
1229,-0.509815
1230,1.4570187
1231,-3.3189495
1232,0.7707053
1233,-4.543781
1234,-4.413732
1235,-1.4933431
1236,-2.04328
1237,-2.0939362
1238,-0.99231553
1239,-0.73743993
1240,-0.050531898
1241,-4.218346
1242,-3.790308
1243,-3.65141
1244,-3.5455077
1245,-3.7555912
1246,-3.9286861
1247,-4.1996403
1248,-3.798224
1249,-0.8364074
1250,0.9699953
1251,-0.1702851
1252,-2.3253508
1253,-3.7873318
1254,0.7137989
1255,-1.5688287
1256,-2.7731874
1257,-4.0952687
1258,-4.035284
1259,-2.1745741
1260,-1.2379966
1261,0.95845866
1262,-4.377035
1263,-1.5774536
1264,-4.2562094
1265,-4.142679
1266,-2.3406603
1267,-2.8321702
1268,-3.8110487
1269,-3.7866337
1270,-3.7501805
1271,-4.1385946
1272,-0.80516505
1273,0.84724295
1274,-4.0704837
1275,1.6052
1276,-1.1663258
1277,-4.3128777
1278,-0.009203544
1279,-1.3733983
1280,-4.2339787
1281,0.3335423
1282,1.4542129
1283,0.026772918
1284,-3.532957
1285,-2.6787803
1286,-3.9052675
1287,-3.76227
1288,-3.1484697
1289,-4.0461593
1290,0.44398862
1291,-4.202332
1292,-3.853923
1293,-3.9327083
1294,-3.7897046
1295,-3.8285055
1296,-4.6021214
1297,-0.5561388
1298,-3.944706
1299,-0.32581604
1300,-4.043854
1301,-1.6478456
1302,-4.0198336
1303,-0.34199175
1304,1.9487501
1305,-4.0240545
1306,-3.035267
1307,-2.2627738
1308,-1.1391332
1309,-2.358981
1310,-0.9313515
1311,-0.19140285
1312,-4.668152
1313,0.9397672
1314,-2.6625307
1315,-2.5004818
1316,-1.6406231
1317,-3.6197047
1318,-0.89466476
1319,-3.8031428
1320,-1.2382518
1321,1.8616811
1322,-2.739146
1323,-0.7967176
1324,-3.7778282
1325,-0.13368222
1326,-0.78524107
1327,-3.6816664
1328,-3.2955375
1329,-2.193414
1330,-1.624963
1331,0.8164854
1332,-1.7663058
1333,-2.8570845
1334,-1.6551573
1335,1.1852293
1336,-3.9938843
1337,-2.0720575
1338,-0.97854185
1339,0.42824018
1340,-1.0347015
1341,-3.882013
1342,-4.1710815
1343,-0.90691376
1344,-4.096428
1345,-3.2692487
1346,-3.9704187
1347,-3.5790222
1348,-3.029438
1349,-4.074482
1350,-2.3042467
1351,-3.6415205
1352,-3.8610866
1353,-4.3152566
1354,-4.035364
1355,-1.7495294
1356,-0.054435883
1357,-2.595803
1358,1.7771324
1359,-3.716291
1360,-2.889003
1361,-3.6373231
1362,-0.9270822
1363,-4.416819
1364,-3.9456127
1365,-0.44051856
1366,-2.426152
1367,0.04117578
1368,-3.820589
1369,-2.373321
1370,-2.5263624
1371,-4.171999
1372,0.9297043
1373,0.6088752
1374,-4.224848
1375,1.5383577
1376,-1.0215156
1377,-2.6708438
1378,-3.6567433
1379,0.85167414
1380,-3.9470038
1381,-0.8653898
1382,-1.5554029
1383,1.0014786
1384,-1.9347844
1385,-3.9113138
1386,-4.2771754
1387,-4.168062
1388,-2.5828216
1389,-3.254855
1390,-0.5832751
1391,-4.2757144
1392,-4.237628
1393,-0.8982358
1394,-1.4878185
1395,-4.000919
1396,-4.20322
1397,-3.8169436
1398,0.7687317
1399,-1.5674578
1400,-1.216574
1401,-3.5104146
1402,-1.995901
1403,-3.5854573
1404,-3.7609427
1405,-2.2422416
1406,-4.451547
1407,-0.83478093
1408,1.9568297
1409,-1.4517362
1410,-1.0726507
1411,-1.3086199
1412,-1.5054777
1413,-4.053954
1414,-3.976066
1415,-1.9977235
1416,0.28170308
1417,-2.0526383
1418,-1.4024911
1419,-3.8157978
1420,-3.9787722
1421,0.2864726
1422,-4.1444197
1423,-0.6006267
1424,-2.2722814
1425,-3.1078198
1426,-3.7500913
1427,0.46792036
1428,-3.74533
1429,-1.594867
1430,1.1571753
1431,-2.8467548
1432,-1.5491781
1433,-1.5691652
1434,-2.5867612
1435,-2.420238
1436,-2.0631015
1437,-2.3328373
1438,-3.896454
1439,1.2973082
1440,-3.7801356
1441,-0.8009925
1442,-3.7871094
1443,-3.8108563
1444,-0.22821964
1445,-4.026534
1446,-3.8760161
1447,-3.7977586
1448,-1.1423283
1449,-4.3499384
1450,-1.1537955
1451,-3.6384642
1452,-2.5719678
1453,-4.180032
1454,0.11837769
1455,-0.40005437
1456,-0.6589314
1457,-4.0586534
1458,-1.1508875
1459,-1.0987494
1460,-0.7651405
1461,-3.3334095
1462,-1.0811677
1463,-2.9797966
1464,0.72767824
1465,-3.982589
1466,-3.2099578
1467,1.81532
1468,-2.8904943
1469,-3.9745636
1470,1.1674248
1471,-2.7997117
1472,-3.7532282
1473,-4.39293
1474,-1.0869899
1475,-2.4191754
1476,-3.4717767
1477,-4.218413
1478,-4.2911654
1479,-1.5279416
1480,1.6898322
1481,-0.7396842
1482,-3.4296212
1483,-1.2949152
1484,-1.4611645
1485,-1.2555279
1486,-0.905653
1487,-2.1655233
1488,-3.0124717
1489,-0.6274741
1490,-2.659175
1491,-1.089829
1492,-3.990438
1493,-3.9861562
1494,-3.3351872
1495,-3.5489943
1496,-3.0284052
1497,-0.5866296
1498,-2.9400074
1499,-4.1869283
1500,-3.6565843
1501,-4.1650887
1502,-4.103824
1503,-4.040129
1504,-3.5880845
1505,-2.2670658
1506,-3.9632518
1507,-3.8123853
1508,-0.635023
1509,-2.491402
1510,-0.83364785
1511,-4.0195017
1512,-2.6061537
1513,-1.6620805
1514,-3.9276772
1515,-3.6049824
1516,-4.219649
1517,-2.9631681
1518,-3.8751948
1519,-3.8266985
1520,-0.48992714
1521,2.05581
1522,-3.108163
1523,-4.0860777
1524,-0.47543517
1525,-3.6412604
1526,-2.6991637
1527,1.350743
1528,-3.0115745
1529,-2.674638
1530,-3.9598627
1531,-4.491421
1532,-4.349281
1533,-3.7322166
1534,0.501547
1535,-3.7776387
1536,1.1772836
1537,-1.1963003
1538,-2.2405145
1539,-3.4658082
1540,-3.6855996
1541,-4.3211813
1542,-1.562793
1543,-2.6372855
1544,-1.1714634
1545,0.7590498
1546,-1.0138118
1547,-0.5807955
1548,0.43109703
1549,-3.8659737
1550,-3.3998644
1551,-1.1926302
1552,-0.727764
1553,-4.220499
1554,-4.179807
1555,-3.2720497
1556,-2.9761994
1557,-4.0831437
1558,-3.2271595
1559,-2.4857223
1560,-2.104063
1561,-1.8844128
1562,-3.5145087
1563,-0.33950883
1564,-2.458048
1565,-1.7160949
1566,-3.442525
1567,-4.471617
1568,-3.1373603
1569,-4.2698755
1570,-0.73993355
1571,-4.775623
1572,-2.9615343
1573,-3.3632808
1574,-3.099661
1575,-4.226576
1576,-1.7942443
1577,-1.0131911
1578,-2.9522269
1579,-0.7891892
1580,-0.9434954
1581,1.1954908
1582,-3.6003246
1583,-3.1871727
1584,0.744644
1585,-4.3062525
1586,-3.6715167
1587,-1.5452604
1588,0.3285774
1589,-4.2199955
1590,-0.19641261
1591,-0.80526847
1592,-0.9489066
1593,-4.0273447
1594,-3.4712396
1595,-2.4128225
1596,-4.051094
1597,-0.047483977
1598,-2.2065017
1599,-1.4505532
1600,1.1015658
1601,-4.637526
1602,-1.8400615
1603,-2.39127
1604,-4.056755
1605,-2.0905783
1606,-3.354567
1607,-3.0807133
1608,0.16063316
1609,-0.022621652
1610,-2.2949092
1611,-0.7541878
1612,-3.1565323
1613,-1.1582214
1614,2.2743948
1615,-0.036502596
1616,-3.630664
1617,1.3634161
1618,-1.4594848
1619,-2.6633143
1620,-0.68732035
1621,-1.7112069
1622,-1.3760825
1623,0.7512102
1624,1.5166352
1625,-3.9884696
1626,-4.18082
1627,-0.8713263
1628,-4.069552
1629,-1.0776911
1630,-3.306898
1631,-3.1075068
1632,-4.114567
1633,-3.7068245
1634,0.6301978
1635,-1.1526182
1636,-2.808842
1637,0.917188
1638,-3.945118
1639,-4.216016
1640,2.6290486
1641,-2.4637516
1642,1.3328999
1643,-0.66252863
1644,-3.655836
1645,0.47989506
1646,-3.3379164
1647,-2.6713321
1648,-3.4246638
1649,-0.22806782
1650,-4.4735813
1651,-2.9099138
1652,-3.6080205
1653,-2.830332
1654,-4.034754
1655,-4.414032
1656,-3.2617087
1657,-0.9104302
1658,-3.6486495
1659,-2.5026934
1660,-2.911605
1661,-4.328425
1662,-1.512985
1663,-2.3968272
1664,-3.8965871
1665,-3.5810256
1666,-3.79063
1667,-3.4615993
1668,-0.3787292
1669,-1.1311467
1670,-1.9417065
1671,0.7683166
1672,-2.0123947
1673,-3.7755659
1674,-4.1971526
1675,-2.6438992
1676,-0.5315918
1677,0.33854857
1678,-4.1249757
1679,-0.9996738
1680,-3.5419014
1681,-0.23499326
1682,-3.6256552
1683,-3.7224586
1684,0.29297012
1685,-3.569122
1686,-3.5515687
1687,-0.626271
1688,-0.32662627
1689,-1.1933097
1690,-3.7928524
1691,-1.4692595
1692,-0.72478086
1693,1.051529
1694,-0.26888204
1695,0.7605676
1696,-2.9132283
1697,-4.128242
1698,-0.31137586
1699,1.2089267
1700,-1.1517469
1701,-4.098964
1702,-1.1496978
1703,-1.150008
1704,-4.2760363
1705,-3.3511946
1706,-3.6632726
1707,-4.164034
1708,-0.7460246
1709,-3.732353
1710,2.209504
1711,-0.7069086
1712,-1.709727
1713,-0.5230979
1714,-0.8198619
1715,1.1284386
1716,-4.222579
1717,-4.271847
1718,-3.4803293
1719,-0.29466105
1720,-0.67957556
1721,-2.1753728
1722,-3.8360798
1723,-2.7857783
1724,-0.06886368
1725,-0.76122105
1726,2.5397134
1727,-2.8877685
1728,-3.4250429
1729,-1.3099487
1730,-4.064119
1731,-3.617308
1732,-2.6341162
1733,-0.52159184
1734,-3.7945874
1735,-1.2289903
1736,2.023337
1737,-3.8460267
1738,-1.7759233
1739,-4.1285663
1740,-3.708827
1741,-4.1624203
1742,-3.844029
1743,1.6801472
1744,-3.8557308
1745,-4.6097574
1746,0.7225212
1747,-2.8641305
1748,-4.0366755
1749,-2.631017
1750,-0.7868572
1751,-3.9649222
1752,-3.5620253
1753,-1.3657665
1754,-4.016165
1755,-3.3607364
1756,1.5068116
1757,-3.631664
1758,-2.7984805
1759,-4.3384585
1760,-3.230335
1761,-3.7405703
1762,-0.99782646
1763,-0.960213
1764,-4.014845
1765,-4.01928
1766,-3.9817672
1767,-3.4678595
1768,-0.668478
1769,0.06331941
1770,-3.355356
1771,-3.0874722
1772,-2.7728832
1773,-0.81378627
1774,-4.4293966
1775,-3.869737
1776,-3.3614082
1777,-0.9650955
1778,-0.62771416
1779,-0.75939274
1780,-0.9921247
1781,-4.085477
1782,-0.9313515
1783,0.011905836
1784,-4.1085024
1785,-4.7234125
1786,-0.6855346
1787,-4.2961817
1788,-3.3404202
1789,-3.6737669
1790,-2.3721716
1791,-3.8095193
1792,-2.8339722
1793,-1.0691512
1794,-0.5680268
1795,-2.719234
1796,-4.1808386
1797,-1.9108756
1798,-3.4727218
1799,-4.199438
1800,-0.8063464
1801,-1.3372705
1802,-1.7087612
1803,-4.164736
1804,-2.6572685
1805,-4.4301987
1806,-1.150711
1807,-1.8097808
1808,-4.4389906
1809,0.09012973
1810,-1.3688687
1811,-1.9547942
1812,-1.6589284
1813,-0.7981193
1814,-3.693205
1815,-3.7703638
1816,-0.0016221456
1817,1.8671386
1818,0.730782
1819,0.1797421
1820,-0.31669316
1821,-3.2969859
1822,1.8746216
1823,-1.2260252
1824,-3.6484756
1825,-3.2357085
1826,-0.61560374
1827,-0.10681983
1828,-0.9842284
1829,-1.1773711
1830,-2.4217584
1831,-3.9752162
1832,-3.7398238
1833,-3.74833
1834,1.2932014
1835,-3.5216691
1836,-3.7048986
1837,-0.001252798
1838,0.39122218
1839,-4.2284627
1840,-2.3209321
1841,-4.1498184
1842,-4.0769796
1843,-3.8298705
1844,0.6240771
1845,-4.243106
1846,-4.110878
1847,-1.0038997
1848,-2.3821623
1849,-0.4515637
1850,-3.710603
1851,2.8824277
1852,-4.161088
1853,-2.7951083
1854,1.6889406
1855,-4.0782185
1856,-1.8844368
1857,-3.8946726
1858,-1.3731542
1859,-1.9599422
1860,-3.8119621
1861,-3.8999462
1862,-0.83384025
1863,-4.0865483
1864,-3.9720187
1865,0.20309465
1866,-2.9679468
1867,-2.7714884
1868,1.9364748
1869,-3.9194105
1870,-4.2580676
1871,-0.702383
1872,-2.7535336
1873,-3.9017892
1874,-0.3807524
1875,-4.118292
1876,-2.2278488
1877,-2.1003795
1878,-0.9959156
1879,-3.181063
1880,-3.78884
1881,2.0259519
1882,-4.0911617
1883,-2.9754376
1884,1.1324859
1885,-3.478626
1886,0.14268646
1887,-3.9603279
1888,-3.984873
1889,-3.6364765
1890,-2.3436196
1891,-0.90424573
1892,-1.713717
1893,-2.7959766
1894,-4.038329
1895,-0.42057723
1896,-3.9564116
1897,-1.5439261
1898,-3.4249609
1899,-1.9228473
1900,-3.9492042
1901,-4.199601
1902,0.8910917
1903,0.66771
1904,-2.1413949
1905,-2.1737134
1906,-3.6539762
1907,0.98830885
1908,-0.50994706
1909,-3.4756494
1910,-1.2130191
1911,-4.201062
1912,-4.0777984
1913,-1.1823913
1914,-3.2992976
1915,-3.7600105
1916,-3.8219495
1917,-1.4480207
1918,-1.7903162
1919,-1.3852783
1920,-0.6714988
1921,0.46845108
1922,-3.5721226
1923,-2.8538883
1924,-3.6693196
1925,-2.3632183
1926,-4.338479
1927,-2.1114256
1928,-1.5229684
1929,0.15473907
1930,-1.0905426
1931,-0.12109506
1932,-2.5041304
1933,-3.8585355
1934,-0.025237134
1935,-3.8537114
1936,-4.260983
1937,-0.6207996
1938,-3.8678982
1939,-1.2322419
1940,-1.7666163
1941,-0.4578821
1942,-3.674417
1943,-2.5779698
1944,-1.2624278
1945,-2.4816802
1946,-0.63124216
1947,-1.6402915
1948,-0.44950452
1949,-3.2323449
1950,-3.7381465
1951,-3.4759834
1952,-0.60457605
1953,-0.6658237
1954,-0.91208124
1955,-2.3575115
1956,-0.47161606
1957,-1.7942443
1958,-2.9959285
1959,-2.3918874
1960,-2.2839868
1961,-4.2157135
1962,-1.1716778
1963,-4.047081
1964,-4.057327
1965,-3.9810884
1966,-1.0367787
1967,-0.20705678
1968,-4.0162134
1969,-0.35895312
1970,-1.5421388
1971,-3.9220202
1972,-2.6272137
1973,-3.005677
1974,0.20058557
1975,-1.770941
1976,-3.7141025
1977,-4.0157623
1978,-1.7148378
1979,1.5137062
1980,-1.7041824
1981,-1.4111415
1982,-3.3612187
1983,0.29098102
1984,-1.9085395
1985,-3.3335078
1986,-1.4771626
1987,2.0816724
1988,-1.265949
1989,-3.710621
1990,-1.6119046
1991,-4.1118116
1992,-3.0690472
1993,-1.3054333
1994,-2.0664122
1995,-2.7112386
1996,1.6965784
1997,-0.58595705
1998,-0.9737004
1999,-4.1463737
